{
  "electricity" : {
      "UK" : 0.58982,
      "US" : 0.65849,
      "Asia" : 0.78213,
      "Singapore" : 0.63575,
      "EU" : 0.43650,
      "SA" : 1.10196
  },
  "naturalGas" : {
    "UK" : 0.22674,
    "US" : 6.349222,
    "Asia" : 0.22674,
    "Singapore" : 0.22674,
    "EU" : 0.22674,
    "SA" : 0.22674
  }
}
